names,country,lat,lon,years,sea_level_change
BORKUM,DE,53.56,6.75,2020,68.0
BORKUM,DE,53.56,6.75,2030,118.0
BORKUM,DE,53.56,6.75,2040,181.0
BORKUM,DE,53.56,6.75,2050,260.0
BORKUM,DE,53.56,6.75,2060,338.0
BORKUM,DE,53.56,6.75,2070,427.0
BORKUM,DE,53.56,6.75,2080,530.0
BORKUM,DE,53.56,6.75,2090,650.0
BORKUM,DE,53.56,6.75,2100,785.0
BORKUM,DE,53.56,6.75,2110,849.0
BORKUM,DE,53.56,6.75,2120,960.0
BORKUM,DE,53.56,6.75,2130,1068.0
BORKUM,DE,53.56,6.75,2140,1174.0
BORKUM,DE,53.56,6.75,2150,1276.0
CUXHAVEN_2,DE,53.87,8.72,2020,66.0
CUXHAVEN_2,DE,53.87,8.72,2030,116.0
CUXHAVEN_2,DE,53.87,8.72,2040,178.0
CUXHAVEN_2,DE,53.87,8.72,2050,256.0
CUXHAVEN_2,DE,53.87,8.72,2060,334.0
CUXHAVEN_2,DE,53.87,8.72,2070,423.0
CUXHAVEN_2,DE,53.87,8.72,2080,526.0
CUXHAVEN_2,DE,53.87,8.72,2090,646.0
CUXHAVEN_2,DE,53.87,8.72,2100,780.0
CUXHAVEN_2,DE,53.87,8.72,2110,845.0
CUXHAVEN_2,DE,53.87,8.72,2120,956.0
CUXHAVEN_2,DE,53.87,8.72,2130,1064.0
CUXHAVEN_2,DE,53.87,8.72,2140,1169.0
CUXHAVEN_2,DE,53.87,8.72,2150,1271.0
KIEL-HOLTENAU,DE,54.37,10.16,2020,71.0
KIEL-HOLTENAU,DE,54.37,10.16,2030,126.0
KIEL-HOLTENAU,DE,54.37,10.16,2040,193.0
KIEL-HOLTENAU,DE,54.37,10.16,2050,270.0
KIEL-HOLTENAU,DE,54.37,10.16,2060,348.0
KIEL-HOLTENAU,DE,54.37,10.16,2070,441.0
KIEL-HOLTENAU,DE,54.37,10.16,2080,546.0
KIEL-HOLTENAU,DE,54.37,10.16,2090,664.0
KIEL-HOLTENAU,DE,54.37,10.16,2100,800.0
KIEL-HOLTENAU,DE,54.37,10.16,2110,866.0
KIEL-HOLTENAU,DE,54.37,10.16,2120,979.0
KIEL-HOLTENAU,DE,54.37,10.16,2130,1090.0
KIEL-HOLTENAU,DE,54.37,10.16,2140,1196.0
KIEL-HOLTENAU,DE,54.37,10.16,2150,1300.0
WARNEMUNDE_2,DE,54.17,12.1,2020,71.0
WARNEMUNDE_2,DE,54.17,12.1,2030,128.0
WARNEMUNDE_2,DE,54.17,12.1,2040,197.0
WARNEMUNDE_2,DE,54.17,12.1,2050,274.0
WARNEMUNDE_2,DE,54.17,12.1,2060,354.0
WARNEMUNDE_2,DE,54.17,12.1,2070,448.0
WARNEMUNDE_2,DE,54.17,12.1,2080,556.0
WARNEMUNDE_2,DE,54.17,12.1,2090,676.0
WARNEMUNDE_2,DE,54.17,12.1,2100,810.0
WARNEMUNDE_2,DE,54.17,12.1,2110,878.0
WARNEMUNDE_2,DE,54.17,12.1,2120,994.0
WARNEMUNDE_2,DE,54.17,12.1,2130,1106.0
WARNEMUNDE_2,DE,54.17,12.1,2140,1214.0
WARNEMUNDE_2,DE,54.17,12.1,2150,1319.0
GDANSK/NOWY_PORT,PL,54.4,18.68,2020,73.0
GDANSK/NOWY_PORT,PL,54.4,18.68,2030,131.0
GDANSK/NOWY_PORT,PL,54.4,18.68,2040,202.0
GDANSK/NOWY_PORT,PL,54.4,18.68,2050,279.0
GDANSK/NOWY_PORT,PL,54.4,18.68,2060,360.0
GDANSK/NOWY_PORT,PL,54.4,18.68,2070,458.0
GDANSK/NOWY_PORT,PL,54.4,18.68,2080,568.0
GDANSK/NOWY_PORT,PL,54.4,18.68,2090,693.0
GDANSK/NOWY_PORT,PL,54.4,18.68,2100,828.0
GDANSK/NOWY_PORT,PL,54.4,18.68,2110,900.0
GDANSK/NOWY_PORT,PL,54.4,18.68,2120,1018.0
GDANSK/NOWY_PORT,PL,54.4,18.68,2130,1132.0
GDANSK/NOWY_PORT,PL,54.4,18.68,2140,1244.0
GDANSK/NOWY_PORT,PL,54.4,18.68,2150,1352.0
USTKA,PL,54.58,16.87,2020,73.0
USTKA,PL,54.58,16.87,2030,130.0
USTKA,PL,54.58,16.87,2040,201.0
USTKA,PL,54.58,16.87,2050,278.0
USTKA,PL,54.58,16.87,2060,358.0
USTKA,PL,54.58,16.87,2070,454.0
USTKA,PL,54.58,16.87,2080,564.0
USTKA,PL,54.58,16.87,2090,688.0
USTKA,PL,54.58,16.87,2100,823.0
USTKA,PL,54.58,16.87,2110,892.0
USTKA,PL,54.58,16.87,2120,1010.0
USTKA,PL,54.58,16.87,2130,1124.0
USTKA,PL,54.58,16.87,2140,1234.0
USTKA,PL,54.58,16.87,2150,1340.0
DELFZIJL,NL,53.33,6.93,2020,68.0
DELFZIJL,NL,53.33,6.93,2030,118.0
DELFZIJL,NL,53.33,6.93,2040,181.0
DELFZIJL,NL,53.33,6.93,2050,260.0
DELFZIJL,NL,53.33,6.93,2060,338.0
DELFZIJL,NL,53.33,6.93,2070,428.0
DELFZIJL,NL,53.33,6.93,2080,530.0
DELFZIJL,NL,53.33,6.93,2090,650.0
DELFZIJL,NL,53.33,6.93,2100,786.0
DELFZIJL,NL,53.33,6.93,2110,850.0
DELFZIJL,NL,53.33,6.93,2120,962.0
DELFZIJL,NL,53.33,6.93,2130,1071.0
DELFZIJL,NL,53.33,6.93,2140,1176.0
DELFZIJL,NL,53.33,6.93,2150,1278.0
DEN_HELDER,NL,52.96,4.75,2020,66.0
DEN_HELDER,NL,52.96,4.75,2030,114.0
DEN_HELDER,NL,52.96,4.75,2040,176.0
DEN_HELDER,NL,52.96,4.75,2050,254.0
DEN_HELDER,NL,52.96,4.75,2060,332.0
DEN_HELDER,NL,52.96,4.75,2070,420.0
DEN_HELDER,NL,52.96,4.75,2080,522.0
DEN_HELDER,NL,52.96,4.75,2090,640.0
DEN_HELDER,NL,52.96,4.75,2100,775.0
DEN_HELDER,NL,52.96,4.75,2110,840.0
DEN_HELDER,NL,52.96,4.75,2120,950.0
DEN_HELDER,NL,52.96,4.75,2130,1057.0
DEN_HELDER,NL,52.96,4.75,2140,1162.0
DEN_HELDER,NL,52.96,4.75,2150,1262.0
VLISSINGEN,NL,51.44,3.6,2020,66.0
VLISSINGEN,NL,51.44,3.6,2030,116.0
VLISSINGEN,NL,51.44,3.6,2040,178.0
VLISSINGEN,NL,51.44,3.6,2050,256.0
VLISSINGEN,NL,51.44,3.6,2060,334.0
VLISSINGEN,NL,51.44,3.6,2070,424.0
VLISSINGEN,NL,51.44,3.6,2080,527.0
VLISSINGEN,NL,51.44,3.6,2090,646.0
VLISSINGEN,NL,51.44,3.6,2100,784.0
VLISSINGEN,NL,51.44,3.6,2110,850.0
VLISSINGEN,NL,51.44,3.6,2120,962.0
VLISSINGEN,NL,51.44,3.6,2130,1071.0
VLISSINGEN,NL,51.44,3.6,2140,1176.0
VLISSINGEN,NL,51.44,3.6,2150,1278.0
MAASSLUIS,NL,51.92,4.25,2020,66.0
MAASSLUIS,NL,51.92,4.25,2030,114.0
MAASSLUIS,NL,51.92,4.25,2040,177.0
MAASSLUIS,NL,51.92,4.25,2050,256.0
MAASSLUIS,NL,51.92,4.25,2060,334.0
MAASSLUIS,NL,51.92,4.25,2070,422.0
MAASSLUIS,NL,51.92,4.25,2080,525.0
MAASSLUIS,NL,51.92,4.25,2090,644.0
MAASSLUIS,NL,51.92,4.25,2100,782.0
MAASSLUIS,NL,51.92,4.25,2110,847.0
MAASSLUIS,NL,51.92,4.25,2120,959.0
MAASSLUIS,NL,51.92,4.25,2130,1068.0
MAASSLUIS,NL,51.92,4.25,2140,1172.0
MAASSLUIS,NL,51.92,4.25,2150,1274.0
HOEK_VAN_HOLLAND,NL,51.98,4.12,2020,66.0
HOEK_VAN_HOLLAND,NL,51.98,4.12,2030,114.0
HOEK_VAN_HOLLAND,NL,51.98,4.12,2040,177.0
HOEK_VAN_HOLLAND,NL,51.98,4.12,2050,256.0
HOEK_VAN_HOLLAND,NL,51.98,4.12,2060,334.0
HOEK_VAN_HOLLAND,NL,51.98,4.12,2070,422.0
HOEK_VAN_HOLLAND,NL,51.98,4.12,2080,525.0
HOEK_VAN_HOLLAND,NL,51.98,4.12,2090,644.0
HOEK_VAN_HOLLAND,NL,51.98,4.12,2100,780.0
HOEK_VAN_HOLLAND,NL,51.98,4.12,2110,846.0
HOEK_VAN_HOLLAND,NL,51.98,4.12,2120,958.0
HOEK_VAN_HOLLAND,NL,51.98,4.12,2130,1067.0
HOEK_VAN_HOLLAND,NL,51.98,4.12,2140,1172.0
HOEK_VAN_HOLLAND,NL,51.98,4.12,2150,1273.0
MARSEILLE,FR,43.28,5.35,2020,59.0
MARSEILLE,FR,43.28,5.35,2030,106.0
MARSEILLE,FR,43.28,5.35,2040,164.0
MARSEILLE,FR,43.28,5.35,2050,232.0
MARSEILLE,FR,43.28,5.35,2060,305.0
MARSEILLE,FR,43.28,5.35,2070,390.0
MARSEILLE,FR,43.28,5.35,2080,488.0
MARSEILLE,FR,43.28,5.35,2090,603.0
MARSEILLE,FR,43.28,5.35,2100,731.0
MARSEILLE,FR,43.28,5.35,2110,804.0
MARSEILLE,FR,43.28,5.35,2120,916.0
MARSEILLE,FR,43.28,5.35,2130,1024.0
MARSEILLE,FR,43.28,5.35,2140,1127.0
MARSEILLE,FR,43.28,5.35,2150,1226.0
BREST,FR,48.38,-4.49,2020,60.0
BREST,FR,48.38,-4.49,2030,107.0
BREST,FR,48.38,-4.49,2040,166.0
BREST,FR,48.38,-4.49,2050,239.0
BREST,FR,48.38,-4.49,2060,313.0
BREST,FR,48.38,-4.49,2070,402.0
BREST,FR,48.38,-4.49,2080,502.0
BREST,FR,48.38,-4.49,2090,620.0
BREST,FR,48.38,-4.49,2100,749.0
BREST,FR,48.38,-4.49,2110,814.0
BREST,FR,48.38,-4.49,2120,923.0
BREST,FR,48.38,-4.49,2130,1029.0
BREST,FR,48.38,-4.49,2140,1130.0
BREST,FR,48.38,-4.49,2150,1228.0
BOULOGNE,FR,50.73,1.58,2020,66.0
BOULOGNE,FR,50.73,1.58,2030,116.0
BOULOGNE,FR,50.73,1.58,2040,178.0
BOULOGNE,FR,50.73,1.58,2050,254.0
BOULOGNE,FR,50.73,1.58,2060,330.0
BOULOGNE,FR,50.73,1.58,2070,422.0
BOULOGNE,FR,50.73,1.58,2080,524.0
BOULOGNE,FR,50.73,1.58,2090,644.0
BOULOGNE,FR,50.73,1.58,2100,778.0
BOULOGNE,FR,50.73,1.58,2110,844.0
BOULOGNE,FR,50.73,1.58,2120,956.0
BOULOGNE,FR,50.73,1.58,2130,1065.0
BOULOGNE,FR,50.73,1.58,2140,1170.0
BOULOGNE,FR,50.73,1.58,2150,1270.0
ST. NAZAIRE,FR,47.27,-2.2,2020,60.0
ST. NAZAIRE,FR,47.27,-2.2,2030,106.0
ST. NAZAIRE,FR,47.27,-2.2,2040,164.0
ST. NAZAIRE,FR,47.27,-2.2,2050,236.0
ST. NAZAIRE,FR,47.27,-2.2,2060,310.0
ST. NAZAIRE,FR,47.27,-2.2,2070,399.0
ST. NAZAIRE,FR,47.27,-2.2,2080,499.0
ST. NAZAIRE,FR,47.27,-2.2,2090,616.0
ST. NAZAIRE,FR,47.27,-2.2,2100,742.0
ST. NAZAIRE,FR,47.27,-2.2,2110,810.0
ST. NAZAIRE,FR,47.27,-2.2,2120,919.0
ST. NAZAIRE,FR,47.27,-2.2,2130,1026.0
ST. NAZAIRE,FR,47.27,-2.2,2140,1127.0
ST. NAZAIRE,FR,47.27,-2.2,2150,1224.0
TOULON,FR,43.11,5.91,2020,59.0
TOULON,FR,43.11,5.91,2030,106.0
TOULON,FR,43.11,5.91,2040,164.0
TOULON,FR,43.11,5.91,2050,233.0
TOULON,FR,43.11,5.91,2060,306.0
TOULON,FR,43.11,5.91,2070,392.0
TOULON,FR,43.11,5.91,2080,490.0
TOULON,FR,43.11,5.91,2090,605.0
TOULON,FR,43.11,5.91,2100,735.0
TOULON,FR,43.11,5.91,2110,808.0
TOULON,FR,43.11,5.91,2120,920.0
TOULON,FR,43.11,5.91,2130,1029.0
TOULON,FR,43.11,5.91,2140,1132.0
TOULON,FR,43.11,5.91,2150,1232.0
NAPOLI,IT,40.84,14.26,2020,63.0
NAPOLI,IT,40.84,14.26,2030,112.0
NAPOLI,IT,40.84,14.26,2040,168.0
NAPOLI,IT,40.84,14.26,2050,239.0
NAPOLI,IT,40.84,14.26,2060,314.0
NAPOLI,IT,40.84,14.26,2070,402.0
NAPOLI,IT,40.84,14.26,2080,500.0
NAPOLI,IT,40.84,14.26,2090,616.0
NAPOLI,IT,40.84,14.26,2100,750.0
NAPOLI,IT,40.84,14.26,2110,828.0
NAPOLI,IT,40.84,14.26,2120,944.0
NAPOLI,IT,40.84,14.26,2130,1056.0
NAPOLI,IT,40.84,14.26,2140,1162.0
NAPOLI,IT,40.84,14.26,2150,1266.0
NAPLES,IT,26.13,-81.81,2020,66.0
NAPLES,IT,26.13,-81.81,2030,125.0
NAPLES,IT,26.13,-81.81,2040,196.0
NAPLES,IT,26.13,-81.81,2050,280.0
NAPLES,IT,26.13,-81.81,2060,363.0
NAPLES,IT,26.13,-81.81,2070,463.0
NAPLES,IT,26.13,-81.81,2080,574.0
NAPLES,IT,26.13,-81.81,2090,702.0
NAPLES,IT,26.13,-81.81,2100,840.0
NAPLES,IT,26.13,-81.81,2110,935.0
NAPLES,IT,26.13,-81.81,2120,1064.0
NAPLES,IT,26.13,-81.81,2130,1188.0
NAPLES,IT,26.13,-81.81,2140,1306.0
NAPLES,IT,26.13,-81.81,2150,1418.0
VENEZIA,IT,45.42,12.33,2020,55.0
VENEZIA,IT,45.42,12.33,2030,99.0
VENEZIA,IT,45.42,12.33,2040,150.0
VENEZIA,IT,45.42,12.33,2050,216.0
VENEZIA,IT,45.42,12.33,2060,284.0
VENEZIA,IT,45.42,12.33,2070,362.0
VENEZIA,IT,45.42,12.33,2080,453.0
VENEZIA,IT,45.42,12.33,2090,562.0
VENEZIA,IT,45.42,12.33,2100,687.0
VENEZIA,IT,45.42,12.33,2110,754.0
VENEZIA,IT,45.42,12.33,2120,861.0
VENEZIA,IT,45.42,12.33,2130,965.0
VENEZIA,IT,45.42,12.33,2140,1064.0
VENEZIA,IT,45.42,12.33,2150,1160.0
CAGLIARI,IT,39.2,9.17,2020,64.0
CAGLIARI,IT,39.2,9.17,2030,114.0
CAGLIARI,IT,39.2,9.17,2040,174.0
CAGLIARI,IT,39.2,9.17,2050,247.0
CAGLIARI,IT,39.2,9.17,2060,324.0
CAGLIARI,IT,39.2,9.17,2070,414.0
CAGLIARI,IT,39.2,9.17,2080,516.0
CAGLIARI,IT,39.2,9.17,2090,636.0
CAGLIARI,IT,39.2,9.17,2100,770.0
CAGLIARI,IT,39.2,9.17,2110,850.0
CAGLIARI,IT,39.2,9.17,2120,968.0
CAGLIARI,IT,39.2,9.17,2130,1082.0
CAGLIARI,IT,39.2,9.17,2140,1192.0
CAGLIARI,IT,39.2,9.17,2150,1296.0
GENOVA,IT,44.4,8.9,2020,58.0
GENOVA,IT,44.4,8.9,2030,104.0
GENOVA,IT,44.4,8.9,2040,160.0
GENOVA,IT,44.4,8.9,2050,227.0
GENOVA,IT,44.4,8.9,2060,298.0
GENOVA,IT,44.4,8.9,2070,383.0
GENOVA,IT,44.4,8.9,2080,478.0
GENOVA,IT,44.4,8.9,2090,590.0
GENOVA,IT,44.4,8.9,2100,718.0
GENOVA,IT,44.4,8.9,2110,789.0
GENOVA,IT,44.4,8.9,2120,900.0
GENOVA,IT,44.4,8.9,2130,1006.0
GENOVA,IT,44.4,8.9,2140,1109.0
GENOVA,IT,44.4,8.9,2150,1208.0
STOCKHOLM,SE,59.32,18.08,2020,72.0
STOCKHOLM,SE,59.32,18.08,2030,128.0
STOCKHOLM,SE,59.32,18.08,2040,197.0
STOCKHOLM,SE,59.32,18.08,2050,268.0
STOCKHOLM,SE,59.32,18.08,2060,346.0
STOCKHOLM,SE,59.32,18.08,2070,440.0
STOCKHOLM,SE,59.32,18.08,2080,544.0
STOCKHOLM,SE,59.32,18.08,2090,662.0
STOCKHOLM,SE,59.32,18.08,2100,791.0
STOCKHOLM,SE,59.32,18.08,2110,850.0
STOCKHOLM,SE,59.32,18.08,2120,958.0
STOCKHOLM,SE,59.32,18.08,2130,1067.0
STOCKHOLM,SE,59.32,18.08,2140,1172.0
STOCKHOLM,SE,59.32,18.08,2150,1274.0
YSTAD,SE,55.42,13.82,2020,71.0
YSTAD,SE,55.42,13.82,2030,128.0
YSTAD,SE,55.42,13.82,2040,197.0
YSTAD,SE,55.42,13.82,2050,274.0
YSTAD,SE,55.42,13.82,2060,352.0
YSTAD,SE,55.42,13.82,2070,448.0
YSTAD,SE,55.42,13.82,2080,554.0
YSTAD,SE,55.42,13.82,2090,675.0
YSTAD,SE,55.42,13.82,2100,807.0
YSTAD,SE,55.42,13.82,2110,873.0
YSTAD,SE,55.42,13.82,2120,986.0
YSTAD,SE,55.42,13.82,2130,1098.0
YSTAD,SE,55.42,13.82,2140,1206.0
YSTAD,SE,55.42,13.82,2150,1310.0
GOTEBORG - TORSHAMNEN,SE,57.68,11.79,2020,72.0
GOTEBORG - TORSHAMNEN,SE,57.68,11.79,2030,126.0
GOTEBORG - TORSHAMNEN,SE,57.68,11.79,2040,192.0
GOTEBORG - TORSHAMNEN,SE,57.68,11.79,2050,268.0
GOTEBORG - TORSHAMNEN,SE,57.68,11.79,2060,343.0
GOTEBORG - TORSHAMNEN,SE,57.68,11.79,2070,434.0
GOTEBORG - TORSHAMNEN,SE,57.68,11.79,2080,536.0
GOTEBORG - TORSHAMNEN,SE,57.68,11.79,2090,652.0
GOTEBORG - TORSHAMNEN,SE,57.68,11.79,2100,784.0
GOTEBORG - TORSHAMNEN,SE,57.68,11.79,2110,842.0
GOTEBORG - TORSHAMNEN,SE,57.68,11.79,2120,951.0
GOTEBORG - TORSHAMNEN,SE,57.68,11.79,2130,1058.0
GOTEBORG - TORSHAMNEN,SE,57.68,11.79,2140,1162.0
GOTEBORG - TORSHAMNEN,SE,57.68,11.79,2150,1262.0
KALIX,SE,65.7,23.1,2020,72.0
KALIX,SE,65.7,23.1,2030,126.0
KALIX,SE,65.7,23.1,2040,190.0
KALIX,SE,65.7,23.1,2050,256.0
KALIX,SE,65.7,23.1,2060,332.0
KALIX,SE,65.7,23.1,2070,420.0
KALIX,SE,65.7,23.1,2080,514.0
KALIX,SE,65.7,23.1,2090,624.0
KALIX,SE,65.7,23.1,2100,746.0
KALIX,SE,65.7,23.1,2110,784.0
KALIX,SE,65.7,23.1,2120,885.0
KALIX,SE,65.7,23.1,2130,984.0
KALIX,SE,65.7,23.1,2140,1082.0
KALIX,SE,65.7,23.1,2150,1178.0
HELSINKI,FI,60.15,24.96,2020,73.0
HELSINKI,FI,60.15,24.96,2030,130.0
HELSINKI,FI,60.15,24.96,2040,199.0
HELSINKI,FI,60.15,24.96,2050,270.0
HELSINKI,FI,60.15,24.96,2060,349.0
HELSINKI,FI,60.15,24.96,2070,444.0
HELSINKI,FI,60.15,24.96,2080,550.0
HELSINKI,FI,60.15,24.96,2090,670.0
HELSINKI,FI,60.15,24.96,2100,801.0
HELSINKI,FI,60.15,24.96,2110,861.0
HELSINKI,FI,60.15,24.96,2120,972.0
HELSINKI,FI,60.15,24.96,2130,1082.0
HELSINKI,FI,60.15,24.96,2140,1188.0
HELSINKI,FI,60.15,24.96,2150,1293.0
KEMI,FI,65.67,24.52,2020,72.0
KEMI,FI,65.67,24.52,2030,126.0
KEMI,FI,65.67,24.52,2040,191.0
KEMI,FI,65.67,24.52,2050,258.0
KEMI,FI,65.67,24.52,2060,334.0
KEMI,FI,65.67,24.52,2070,422.0
KEMI,FI,65.67,24.52,2080,516.0
KEMI,FI,65.67,24.52,2090,627.0
KEMI,FI,65.67,24.52,2100,750.0
KEMI,FI,65.67,24.52,2110,789.0
KEMI,FI,65.67,24.52,2120,890.0
KEMI,FI,65.67,24.52,2130,990.0
KEMI,FI,65.67,24.52,2140,1088.0
KEMI,FI,65.67,24.52,2150,1184.0
RAUMA,FI,61.13,21.43,2020,71.0
RAUMA,FI,61.13,21.43,2030,128.0
RAUMA,FI,61.13,21.43,2040,196.0
RAUMA,FI,61.13,21.43,2050,266.0
RAUMA,FI,61.13,21.43,2060,344.0
RAUMA,FI,61.13,21.43,2070,436.0
RAUMA,FI,61.13,21.43,2080,539.0
RAUMA,FI,61.13,21.43,2090,656.0
RAUMA,FI,61.13,21.43,2100,784.0
RAUMA,FI,61.13,21.43,2110,838.0
RAUMA,FI,61.13,21.43,2120,946.0
RAUMA,FI,61.13,21.43,2130,1052.0
RAUMA,FI,61.13,21.43,2140,1156.0
RAUMA,FI,61.13,21.43,2150,1258.0
TURKU,FI,60.43,22.1,2020,72.0
TURKU,FI,60.43,22.1,2030,130.0
TURKU,FI,60.43,22.1,2040,198.0
TURKU,FI,60.43,22.1,2050,269.0
TURKU,FI,60.43,22.1,2060,348.0
TURKU,FI,60.43,22.1,2070,442.0
TURKU,FI,60.43,22.1,2080,546.0
TURKU,FI,60.43,22.1,2090,664.0
TURKU,FI,60.43,22.1,2100,794.0
TURKU,FI,60.43,22.1,2110,851.0
TURKU,FI,60.43,22.1,2120,960.0
TURKU,FI,60.43,22.1,2130,1069.0
TURKU,FI,60.43,22.1,2140,1175.0
TURKU,FI,60.43,22.1,2150,1277.0
OSLO,NO,59.91,10.73,2020,72.0
OSLO,NO,59.91,10.73,2030,126.0
OSLO,NO,59.91,10.73,2040,188.0
OSLO,NO,59.91,10.73,2050,262.0
OSLO,NO,59.91,10.73,2060,336.0
OSLO,NO,59.91,10.73,2070,422.0
OSLO,NO,59.91,10.73,2080,520.0
OSLO,NO,59.91,10.73,2090,630.0
OSLO,NO,59.91,10.73,2100,758.0
OSLO,NO,59.91,10.73,2110,810.0
OSLO,NO,59.91,10.73,2120,914.0
OSLO,NO,59.91,10.73,2130,1016.0
OSLO,NO,59.91,10.73,2140,1116.0
OSLO,NO,59.91,10.73,2150,1213.0
NY-ALESUND,NO,78.93,11.94,2020,-21.0
NY-ALESUND,NO,78.93,11.94,2030,-68.0
NY-ALESUND,NO,78.93,11.94,2040,-136.0
NY-ALESUND,NO,78.93,11.94,2050,-248.0
NY-ALESUND,NO,78.93,11.94,2060,-318.0
NY-ALESUND,NO,78.93,11.94,2070,-420.0
NY-ALESUND,NO,78.93,11.94,2080,-506.0
NY-ALESUND,NO,78.93,11.94,2090,-546.0
NY-ALESUND,NO,78.93,11.94,2100,-572.0
NY-ALESUND,NO,78.93,11.94,2110,-588.0
NY-ALESUND,NO,78.93,11.94,2120,-605.0
NY-ALESUND,NO,78.93,11.94,2130,-606.0
NY-ALESUND,NO,78.93,11.94,2140,-580.0
NY-ALESUND,NO,78.93,11.94,2150,-529.0
BERGEN,NO,60.4,5.32,2020,74.0
BERGEN,NO,60.4,5.32,2030,128.0
BERGEN,NO,60.4,5.32,2040,192.0
BERGEN,NO,60.4,5.32,2050,268.0
BERGEN,NO,60.4,5.32,2060,341.0
BERGEN,NO,60.4,5.32,2070,424.0
BERGEN,NO,60.4,5.32,2080,521.0
BERGEN,NO,60.4,5.32,2090,628.0
BERGEN,NO,60.4,5.32,2100,755.0
BERGEN,NO,60.4,5.32,2110,801.0
BERGEN,NO,60.4,5.32,2120,902.0
BERGEN,NO,60.4,5.32,2130,1002.0
BERGEN,NO,60.4,5.32,2140,1099.0
BERGEN,NO,60.4,5.32,2150,1194.0
HARSTAD,NO,68.8,16.55,2020,71.0
HARSTAD,NO,68.8,16.55,2030,118.0
HARSTAD,NO,68.8,16.55,2040,176.0
HARSTAD,NO,68.8,16.55,2050,244.0
HARSTAD,NO,68.8,16.55,2060,314.0
HARSTAD,NO,68.8,16.55,2070,386.0
HARSTAD,NO,68.8,16.55,2080,473.0
HARSTAD,NO,68.8,16.55,2090,574.0
HARSTAD,NO,68.8,16.55,2100,690.0
HARSTAD,NO,68.8,16.55,2110,709.0
HARSTAD,NO,68.8,16.55,2120,797.0
HARSTAD,NO,68.8,16.55,2130,886.0
HARSTAD,NO,68.8,16.55,2140,973.0
HARSTAD,NO,68.8,16.55,2150,1060.0
HONNINGSVAG,NO,70.98,25.97,2020,70.0
HONNINGSVAG,NO,70.98,25.97,2030,119.0
HONNINGSVAG,NO,70.98,25.97,2040,178.0
HONNINGSVAG,NO,70.98,25.97,2050,245.0
HONNINGSVAG,NO,70.98,25.97,2060,316.0
HONNINGSVAG,NO,70.98,25.97,2070,388.0
HONNINGSVAG,NO,70.98,25.97,2080,476.0
HONNINGSVAG,NO,70.98,25.97,2090,576.0
HONNINGSVAG,NO,70.98,25.97,2100,695.0
HONNINGSVAG,NO,70.98,25.97,2110,705.0
HONNINGSVAG,NO,70.98,25.97,2120,793.0
HONNINGSVAG,NO,70.98,25.97,2130,883.0
HONNINGSVAG,NO,70.98,25.97,2140,972.0
HONNINGSVAG,NO,70.98,25.97,2150,1062.0
KRISTIANSUND,NO,63.11,7.73,2020,68.0
KRISTIANSUND,NO,63.11,7.73,2030,116.0
KRISTIANSUND,NO,63.11,7.73,2040,174.0
KRISTIANSUND,NO,63.11,7.73,2050,243.0
KRISTIANSUND,NO,63.11,7.73,2060,314.0
KRISTIANSUND,NO,63.11,7.73,2070,388.0
KRISTIANSUND,NO,63.11,7.73,2080,476.0
KRISTIANSUND,NO,63.11,7.73,2090,578.0
KRISTIANSUND,NO,63.11,7.73,2100,700.0
KRISTIANSUND,NO,63.11,7.73,2110,737.0
KRISTIANSUND,NO,63.11,7.73,2120,831.0
KRISTIANSUND,NO,63.11,7.73,2130,923.0
KRISTIANSUND,NO,63.11,7.73,2140,1015.0
KRISTIANSUND,NO,63.11,7.73,2150,1105.0
AARHUS,DK,56.15,10.22,2020,72.0
AARHUS,DK,56.15,10.22,2030,126.0
AARHUS,DK,56.15,10.22,2040,193.0
AARHUS,DK,56.15,10.22,2050,270.0
AARHUS,DK,56.15,10.22,2060,346.0
AARHUS,DK,56.15,10.22,2070,438.0
AARHUS,DK,56.15,10.22,2080,541.0
AARHUS,DK,56.15,10.22,2090,658.0
AARHUS,DK,56.15,10.22,2100,790.0
AARHUS,DK,56.15,10.22,2110,852.0
AARHUS,DK,56.15,10.22,2120,962.0
AARHUS,DK,56.15,10.22,2130,1070.0
AARHUS,DK,56.15,10.22,2140,1176.0
AARHUS,DK,56.15,10.22,2150,1276.0
ESBJERG,DK,55.46,8.44,2020,68.0
ESBJERG,DK,55.46,8.44,2030,118.0
ESBJERG,DK,55.46,8.44,2040,182.0
ESBJERG,DK,55.46,8.44,2050,259.0
ESBJERG,DK,55.46,8.44,2060,336.0
ESBJERG,DK,55.46,8.44,2070,425.0
ESBJERG,DK,55.46,8.44,2080,527.0
ESBJERG,DK,55.46,8.44,2090,644.0
ESBJERG,DK,55.46,8.44,2100,778.0
ESBJERG,DK,55.46,8.44,2110,838.0
ESBJERG,DK,55.46,8.44,2120,948.0
ESBJERG,DK,55.46,8.44,2130,1054.0
ESBJERG,DK,55.46,8.44,2140,1159.0
ESBJERG,DK,55.46,8.44,2150,1259.0
KORSOR,DK,55.33,11.14,2020,75.0
KORSOR,DK,55.33,11.14,2030,135.0
KORSOR,DK,55.33,11.14,2040,205.0
KORSOR,DK,55.33,11.14,2050,284.0
KORSOR,DK,55.33,11.14,2060,362.0
KORSOR,DK,55.33,11.14,2070,456.0
KORSOR,DK,55.33,11.14,2080,560.0
KORSOR,DK,55.33,11.14,2090,680.0
KORSOR,DK,55.33,11.14,2100,816.0
KORSOR,DK,55.33,11.14,2110,881.0
KORSOR,DK,55.33,11.14,2120,996.0
KORSOR,DK,55.33,11.14,2130,1108.0
KORSOR,DK,55.33,11.14,2140,1215.0
KORSOR,DK,55.33,11.14,2150,1320.0
FREDERIKSHAVN,DK,57.44,10.55,2020,72.0
FREDERIKSHAVN,DK,57.44,10.55,2030,126.0
FREDERIKSHAVN,DK,57.44,10.55,2040,191.0
FREDERIKSHAVN,DK,57.44,10.55,2050,268.0
FREDERIKSHAVN,DK,57.44,10.55,2060,343.0
FREDERIKSHAVN,DK,57.44,10.55,2070,433.0
FREDERIKSHAVN,DK,57.44,10.55,2080,536.0
FREDERIKSHAVN,DK,57.44,10.55,2090,652.0
FREDERIKSHAVN,DK,57.44,10.55,2100,784.0
FREDERIKSHAVN,DK,57.44,10.55,2110,842.0
FREDERIKSHAVN,DK,57.44,10.55,2120,950.0
FREDERIKSHAVN,DK,57.44,10.55,2130,1056.0
FREDERIKSHAVN,DK,57.44,10.55,2140,1160.0
FREDERIKSHAVN,DK,57.44,10.55,2150,1262.0
SLIPSHAVN,DK,55.29,10.83,2020,73.0
SLIPSHAVN,DK,55.29,10.83,2030,130.0
SLIPSHAVN,DK,55.29,10.83,2040,198.0
SLIPSHAVN,DK,55.29,10.83,2050,276.0
SLIPSHAVN,DK,55.29,10.83,2060,354.0
SLIPSHAVN,DK,55.29,10.83,2070,447.0
SLIPSHAVN,DK,55.29,10.83,2080,552.0
SLIPSHAVN,DK,55.29,10.83,2090,670.0
SLIPSHAVN,DK,55.29,10.83,2100,804.0
SLIPSHAVN,DK,55.29,10.83,2110,869.0
SLIPSHAVN,DK,55.29,10.83,2120,982.0
SLIPSHAVN,DK,55.29,10.83,2130,1093.0
SLIPSHAVN,DK,55.29,10.83,2140,1200.0
SLIPSHAVN,DK,55.29,10.83,2150,1304.0
ALGECIRAS,ES,36.12,-5.43,2020,64.0
ALGECIRAS,ES,36.12,-5.43,2030,116.0
ALGECIRAS,ES,36.12,-5.43,2040,178.0
ALGECIRAS,ES,36.12,-5.43,2050,254.0
ALGECIRAS,ES,36.12,-5.43,2060,332.0
ALGECIRAS,ES,36.12,-5.43,2070,426.0
ALGECIRAS,ES,36.12,-5.43,2080,530.0
ALGECIRAS,ES,36.12,-5.43,2090,652.0
ALGECIRAS,ES,36.12,-5.43,2100,786.0
ALGECIRAS,ES,36.12,-5.43,2110,870.0
ALGECIRAS,ES,36.12,-5.43,2120,990.0
ALGECIRAS,ES,36.12,-5.43,2130,1106.0
ALGECIRAS,ES,36.12,-5.43,2140,1216.0
ALGECIRAS,ES,36.12,-5.43,2150,1320.0
BILBAO,ES,43.35,-3.05,2020,62.0
BILBAO,ES,43.35,-3.05,2030,111.0
BILBAO,ES,43.35,-3.05,2040,172.0
BILBAO,ES,43.35,-3.05,2050,247.0
BILBAO,ES,43.35,-3.05,2060,324.0
BILBAO,ES,43.35,-3.05,2070,416.0
BILBAO,ES,43.35,-3.05,2080,520.0
BILBAO,ES,43.35,-3.05,2090,641.0
BILBAO,ES,43.35,-3.05,2100,771.0
BILBAO,ES,43.35,-3.05,2110,846.0
BILBAO,ES,43.35,-3.05,2120,961.0
BILBAO,ES,43.35,-3.05,2130,1072.0
BILBAO,ES,43.35,-3.05,2140,1178.0
BILBAO,ES,43.35,-3.05,2150,1280.0
BARCELONA,ES,41.34,2.17,2020,63.0
BARCELONA,ES,41.34,2.17,2030,114.0
BARCELONA,ES,41.34,2.17,2040,172.0
BARCELONA,ES,41.34,2.17,2050,241.0
BARCELONA,ES,41.34,2.17,2060,318.0
BARCELONA,ES,41.34,2.17,2070,406.0
BARCELONA,ES,41.34,2.17,2080,506.0
BARCELONA,ES,41.34,2.17,2090,626.0
BARCELONA,ES,41.34,2.17,2100,758.0
BARCELONA,ES,41.34,2.17,2110,835.0
BARCELONA,ES,41.34,2.17,2120,951.0
BARCELONA,ES,41.34,2.17,2130,1062.0
BARCELONA,ES,41.34,2.17,2140,1168.0
BARCELONA,ES,41.34,2.17,2150,1270.0
SANTANDER_I,ES,43.46,-3.79,2020,62.0
SANTANDER_I,ES,43.46,-3.79,2030,112.0
SANTANDER_I,ES,43.46,-3.79,2040,172.0
SANTANDER_I,ES,43.46,-3.79,2050,248.0
SANTANDER_I,ES,43.46,-3.79,2060,326.0
SANTANDER_I,ES,43.46,-3.79,2070,417.0
SANTANDER_I,ES,43.46,-3.79,2080,522.0
SANTANDER_I,ES,43.46,-3.79,2090,643.0
SANTANDER_I,ES,43.46,-3.79,2100,774.0
SANTANDER_I,ES,43.46,-3.79,2110,848.0
SANTANDER_I,ES,43.46,-3.79,2120,964.0
SANTANDER_I,ES,43.46,-3.79,2130,1075.0
SANTANDER_I,ES,43.46,-3.79,2140,1182.0
SANTANDER_I,ES,43.46,-3.79,2150,1282.0
CADIZ_II,ES,36.53,-6.31,2020,64.0
CADIZ_II,ES,36.53,-6.31,2030,116.0
CADIZ_II,ES,36.53,-6.31,2040,178.0
CADIZ_II,ES,36.53,-6.31,2050,255.0
CADIZ_II,ES,36.53,-6.31,2060,334.0
CADIZ_II,ES,36.53,-6.31,2070,428.0
CADIZ_II,ES,36.53,-6.31,2080,532.0
CADIZ_II,ES,36.53,-6.31,2090,654.0
CADIZ_II,ES,36.53,-6.31,2100,790.0
CADIZ_II,ES,36.53,-6.31,2110,872.0
CADIZ_II,ES,36.53,-6.31,2120,992.0
CADIZ_II,ES,36.53,-6.31,2130,1108.0
CADIZ_II,ES,36.53,-6.31,2140,1218.0
CADIZ_II,ES,36.53,-6.31,2150,1324.0
VALENCIA,ES,39.44,-0.31,2020,64.0
VALENCIA,ES,39.44,-0.31,2030,116.0
VALENCIA,ES,39.44,-0.31,2040,176.0
VALENCIA,ES,39.44,-0.31,2050,247.0
VALENCIA,ES,39.44,-0.31,2060,324.0
VALENCIA,ES,39.44,-0.31,2070,412.0
VALENCIA,ES,39.44,-0.31,2080,512.0
VALENCIA,ES,39.44,-0.31,2090,634.0
VALENCIA,ES,39.44,-0.31,2100,768.0
VALENCIA,ES,39.44,-0.31,2110,847.0
VALENCIA,ES,39.44,-0.31,2120,963.0
VALENCIA,ES,39.44,-0.31,2130,1076.0
VALENCIA,ES,39.44,-0.31,2140,1184.0
VALENCIA,ES,39.44,-0.31,2150,1287.0
LEIXOES,PT,41.18,-8.7,2020,62.0
LEIXOES,PT,41.18,-8.7,2030,112.0
LEIXOES,PT,41.18,-8.7,2040,172.0
LEIXOES,PT,41.18,-8.7,2050,246.0
LEIXOES,PT,41.18,-8.7,2060,323.0
LEIXOES,PT,41.18,-8.7,2070,415.0
LEIXOES,PT,41.18,-8.7,2080,520.0
LEIXOES,PT,41.18,-8.7,2090,640.0
LEIXOES,PT,41.18,-8.7,2100,769.0
LEIXOES,PT,41.18,-8.7,2110,844.0
LEIXOES,PT,41.18,-8.7,2120,960.0
LEIXOES,PT,41.18,-8.7,2130,1071.0
LEIXOES,PT,41.18,-8.7,2140,1176.0
LEIXOES,PT,41.18,-8.7,2150,1278.0
CASCAIS,PT,38.68,-9.42,2020,63.0
CASCAIS,PT,38.68,-9.42,2030,114.0
CASCAIS,PT,38.68,-9.42,2040,176.0
CASCAIS,PT,38.68,-9.42,2050,252.0
CASCAIS,PT,38.68,-9.42,2060,330.0
CASCAIS,PT,38.68,-9.42,2070,424.0
CASCAIS,PT,38.68,-9.42,2080,530.0
CASCAIS,PT,38.68,-9.42,2090,654.0
CASCAIS,PT,38.68,-9.42,2100,786.0
CASCAIS,PT,38.68,-9.42,2110,865.0
CASCAIS,PT,38.68,-9.42,2120,983.0
CASCAIS,PT,38.68,-9.42,2130,1098.0
CASCAIS,PT,38.68,-9.42,2140,1207.0
CASCAIS,PT,38.68,-9.42,2150,1310.0
SINES,PT,37.95,-8.88,2020,64.0
SINES,PT,37.95,-8.88,2030,115.0
SINES,PT,37.95,-8.88,2040,178.0
SINES,PT,37.95,-8.88,2050,253.0
SINES,PT,37.95,-8.88,2060,332.0
SINES,PT,37.95,-8.88,2070,427.0
SINES,PT,37.95,-8.88,2080,532.0
SINES,PT,37.95,-8.88,2090,656.0
SINES,PT,37.95,-8.88,2100,789.0
SINES,PT,37.95,-8.88,2110,870.0
SINES,PT,37.95,-8.88,2120,990.0
SINES,PT,37.95,-8.88,2130,1104.0
SINES,PT,37.95,-8.88,2140,1214.0
SINES,PT,37.95,-8.88,2150,1318.0
DUBLIN,IE,53.35,-6.22,2020,62.0
DUBLIN,IE,53.35,-6.22,2030,112.0
DUBLIN,IE,53.35,-6.22,2040,168.0
DUBLIN,IE,53.35,-6.22,2050,236.0
DUBLIN,IE,53.35,-6.22,2060,308.0
DUBLIN,IE,53.35,-6.22,2070,394.0
DUBLIN,IE,53.35,-6.22,2080,488.0
DUBLIN,IE,53.35,-6.22,2090,597.0
DUBLIN,IE,53.35,-6.22,2100,717.0
DUBLIN,IE,53.35,-6.22,2110,770.0
DUBLIN,IE,53.35,-6.22,2120,870.0
DUBLIN,IE,53.35,-6.22,2130,968.0
DUBLIN,IE,53.35,-6.22,2140,1064.0
DUBLIN,IE,53.35,-6.22,2150,1154.0
ABERDEEN_I,GB,57.14,-2.08,2020,72.0
ABERDEEN_I,GB,57.14,-2.08,2030,123.0
ABERDEEN_I,GB,57.14,-2.08,2040,184.0
ABERDEEN_I,GB,57.14,-2.08,2050,256.0
ABERDEEN_I,GB,57.14,-2.08,2060,328.0
ABERDEEN_I,GB,57.14,-2.08,2070,414.0
ABERDEEN_I,GB,57.14,-2.08,2080,510.0
ABERDEEN_I,GB,57.14,-2.08,2090,618.0
ABERDEEN_I,GB,57.14,-2.08,2100,747.0
ABERDEEN_I,GB,57.14,-2.08,2110,794.0
ABERDEEN_I,GB,57.14,-2.08,2120,897.0
ABERDEEN_I,GB,57.14,-2.08,2130,996.0
ABERDEEN_I,GB,57.14,-2.08,2140,1092.0
ABERDEEN_I,GB,57.14,-2.08,2150,1186.0
BOURNEMOUTH,GB,50.71,-1.87,2020,61.0
BOURNEMOUTH,GB,50.71,-1.87,2030,110.0
BOURNEMOUTH,GB,50.71,-1.87,2040,169.0
BOURNEMOUTH,GB,50.71,-1.87,2050,242.0
BOURNEMOUTH,GB,50.71,-1.87,2060,315.0
BOURNEMOUTH,GB,50.71,-1.87,2070,403.0
BOURNEMOUTH,GB,50.71,-1.87,2080,504.0
BOURNEMOUTH,GB,50.71,-1.87,2090,620.0
BOURNEMOUTH,GB,50.71,-1.87,2100,748.0
BOURNEMOUTH,GB,50.71,-1.87,2110,810.0
BOURNEMOUTH,GB,50.71,-1.87,2120,918.0
BOURNEMOUTH,GB,50.71,-1.87,2130,1022.0
BOURNEMOUTH,GB,50.71,-1.87,2140,1124.0
BOURNEMOUTH,GB,50.71,-1.87,2150,1220.0
DOVER,GB,51.11,1.32,2020,67.0
DOVER,GB,51.11,1.32,2030,118.0
DOVER,GB,51.11,1.32,2040,180.0
DOVER,GB,51.11,1.32,2050,256.0
DOVER,GB,51.11,1.32,2060,334.0
DOVER,GB,51.11,1.32,2070,424.0
DOVER,GB,51.11,1.32,2080,527.0
DOVER,GB,51.11,1.32,2090,646.0
DOVER,GB,51.11,1.32,2100,781.0
DOVER,GB,51.11,1.32,2110,848.0
DOVER,GB,51.11,1.32,2120,960.0
DOVER,GB,51.11,1.32,2130,1068.0
DOVER,GB,51.11,1.32,2140,1172.0
DOVER,GB,51.11,1.32,2150,1274.0
FELIXSTOWE,GB,51.96,1.35,2020,69.0
FELIXSTOWE,GB,51.96,1.35,2030,120.0
FELIXSTOWE,GB,51.96,1.35,2040,183.0
FELIXSTOWE,GB,51.96,1.35,2050,261.0
FELIXSTOWE,GB,51.96,1.35,2060,338.0
FELIXSTOWE,GB,51.96,1.35,2070,428.0
FELIXSTOWE,GB,51.96,1.35,2080,532.0
FELIXSTOWE,GB,51.96,1.35,2090,650.0
FELIXSTOWE,GB,51.96,1.35,2100,786.0
FELIXSTOWE,GB,51.96,1.35,2110,850.0
FELIXSTOWE,GB,51.96,1.35,2120,962.0
FELIXSTOWE,GB,51.96,1.35,2130,1071.0
FELIXSTOWE,GB,51.96,1.35,2140,1176.0
FELIXSTOWE,GB,51.96,1.35,2150,1278.0
LIVERPOOL_GEORGES_AND_PRINCES_PIERS,GB,53.4,-3.0,2020,63.0
LIVERPOOL_GEORGES_AND_PRINCES_PIERS,GB,53.4,-3.0,2030,112.0
LIVERPOOL_GEORGES_AND_PRINCES_PIERS,GB,53.4,-3.0,2040,171.0
LIVERPOOL_GEORGES_AND_PRINCES_PIERS,GB,53.4,-3.0,2050,242.0
LIVERPOOL_GEORGES_AND_PRINCES_PIERS,GB,53.4,-3.0,2060,314.0
LIVERPOOL_GEORGES_AND_PRINCES_PIERS,GB,53.4,-3.0,2070,401.0
LIVERPOOL_GEORGES_AND_PRINCES_PIERS,GB,53.4,-3.0,2080,498.0
LIVERPOOL_GEORGES_AND_PRINCES_PIERS,GB,53.4,-3.0,2090,608.0
LIVERPOOL_GEORGES_AND_PRINCES_PIERS,GB,53.4,-3.0,2100,732.0
LIVERPOOL_GEORGES_AND_PRINCES_PIERS,GB,53.4,-3.0,2110,786.0
LIVERPOOL_GEORGES_AND_PRINCES_PIERS,GB,53.4,-3.0,2120,890.0
LIVERPOOL_GEORGES_AND_PRINCES_PIERS,GB,53.4,-3.0,2130,990.0
LIVERPOOL_GEORGES_AND_PRINCES_PIERS,GB,53.4,-3.0,2140,1088.0
LIVERPOOL_GEORGES_AND_PRINCES_PIERS,GB,53.4,-3.0,2150,1181.0
BIRKENHEAD,GB,53.4,-3.02,2020,63.0
BIRKENHEAD,GB,53.4,-3.02,2030,112.0
BIRKENHEAD,GB,53.4,-3.02,2040,171.0
BIRKENHEAD,GB,53.4,-3.02,2050,242.0
BIRKENHEAD,GB,53.4,-3.02,2060,314.0
BIRKENHEAD,GB,53.4,-3.02,2070,401.0
BIRKENHEAD,GB,53.4,-3.02,2080,498.0
BIRKENHEAD,GB,53.4,-3.02,2090,608.0
BIRKENHEAD,GB,53.4,-3.02,2100,731.0
BIRKENHEAD,GB,53.4,-3.02,2110,786.0
BIRKENHEAD,GB,53.4,-3.02,2120,890.0
BIRKENHEAD,GB,53.4,-3.02,2130,990.0
BIRKENHEAD,GB,53.4,-3.02,2140,1088.0
BIRKENHEAD,GB,53.4,-3.02,2150,1181.0
WORKINGTON,GB,54.65,-3.57,2020,64.0
WORKINGTON,GB,54.65,-3.57,2030,112.0
WORKINGTON,GB,54.65,-3.57,2040,170.0
WORKINGTON,GB,54.65,-3.57,2050,240.0
WORKINGTON,GB,54.65,-3.57,2060,310.0
WORKINGTON,GB,54.65,-3.57,2070,396.0
WORKINGTON,GB,54.65,-3.57,2080,492.0
WORKINGTON,GB,54.65,-3.57,2090,600.0
WORKINGTON,GB,54.65,-3.57,2100,720.0
WORKINGTON,GB,54.65,-3.57,2110,772.0
WORKINGTON,GB,54.65,-3.57,2120,872.0
WORKINGTON,GB,54.65,-3.57,2130,970.0
WORKINGTON,GB,54.65,-3.57,2140,1064.0
WORKINGTON,GB,54.65,-3.57,2150,1156.0
DOUGLAS,GB,54.15,-4.47,2020,62.0
DOUGLAS,GB,54.15,-4.47,2030,110.0
DOUGLAS,GB,54.15,-4.47,2040,166.0
DOUGLAS,GB,54.15,-4.47,2050,235.0
DOUGLAS,GB,54.15,-4.47,2060,306.0
DOUGLAS,GB,54.15,-4.47,2070,390.0
DOUGLAS,GB,54.15,-4.47,2080,484.0
DOUGLAS,GB,54.15,-4.47,2090,592.0
DOUGLAS,GB,54.15,-4.47,2100,712.0
DOUGLAS,GB,54.15,-4.47,2110,762.0
DOUGLAS,GB,54.15,-4.47,2120,862.0
DOUGLAS,GB,54.15,-4.47,2130,960.0
DOUGLAS,GB,54.15,-4.47,2140,1054.0
DOUGLAS,GB,54.15,-4.47,2150,1144.0
ALEXANDROUPOLIS,GR,40.84,25.88,2020,57.0
ALEXANDROUPOLIS,GR,40.84,25.88,2030,106.0
ALEXANDROUPOLIS,GR,40.84,25.88,2040,166.0
ALEXANDROUPOLIS,GR,40.84,25.88,2050,236.0
ALEXANDROUPOLIS,GR,40.84,25.88,2060,306.0
ALEXANDROUPOLIS,GR,40.84,25.88,2070,388.0
ALEXANDROUPOLIS,GR,40.84,25.88,2080,479.0
ALEXANDROUPOLIS,GR,40.84,25.88,2090,592.0
ALEXANDROUPOLIS,GR,40.84,25.88,2100,715.0
ALEXANDROUPOLIS,GR,40.84,25.88,2110,791.0
ALEXANDROUPOLIS,GR,40.84,25.88,2120,902.0
ALEXANDROUPOLIS,GR,40.84,25.88,2130,1012.0
ALEXANDROUPOLIS,GR,40.84,25.88,2140,1116.0
ALEXANDROUPOLIS,GR,40.84,25.88,2150,1218.0
PATRAI,GR,38.42,21.73,2020,59.0
PATRAI,GR,38.42,21.73,2030,106.0
PATRAI,GR,38.42,21.73,2040,164.0
PATRAI,GR,38.42,21.73,2050,237.0
PATRAI,GR,38.42,21.73,2060,310.0
PATRAI,GR,38.42,21.73,2070,394.0
PATRAI,GR,38.42,21.73,2080,488.0
PATRAI,GR,38.42,21.73,2090,606.0
PATRAI,GR,38.42,21.73,2100,734.0
PATRAI,GR,38.42,21.73,2110,814.0
PATRAI,GR,38.42,21.73,2120,928.0
PATRAI,GR,38.42,21.73,2130,1040.0
PATRAI,GR,38.42,21.73,2140,1147.0
PATRAI,GR,38.42,21.73,2150,1250.0
RHODOS,GR,36.44,28.24,2020,61.0
RHODOS,GR,36.44,28.24,2030,112.0
RHODOS,GR,36.44,28.24,2040,176.0
RHODOS,GR,36.44,28.24,2050,249.0
RHODOS,GR,36.44,28.24,2060,324.0
RHODOS,GR,36.44,28.24,2070,412.0
RHODOS,GR,36.44,28.24,2080,511.0
RHODOS,GR,36.44,28.24,2090,632.0
RHODOS,GR,36.44,28.24,2100,763.0
RHODOS,GR,36.44,28.24,2110,848.0
RHODOS,GR,36.44,28.24,2120,966.0
RHODOS,GR,36.44,28.24,2130,1082.0
RHODOS,GR,36.44,28.24,2140,1192.0
RHODOS,GR,36.44,28.24,2150,1298.0
AUCKLAND_II,NZ,-36.84,174.77,2020,61.0
AUCKLAND_II,NZ,-36.84,174.77,2030,112.0
AUCKLAND_II,NZ,-36.84,174.77,2040,176.0
AUCKLAND_II,NZ,-36.84,174.77,2050,256.0
AUCKLAND_II,NZ,-36.84,174.77,2060,340.0
AUCKLAND_II,NZ,-36.84,174.77,2070,444.0
AUCKLAND_II,NZ,-36.84,174.77,2080,558.0
AUCKLAND_II,NZ,-36.84,174.77,2090,692.0
AUCKLAND_II,NZ,-36.84,174.77,2100,838.0
AUCKLAND_II,NZ,-36.84,174.77,2110,952.0
AUCKLAND_II,NZ,-36.84,174.77,2120,1087.0
AUCKLAND_II,NZ,-36.84,174.77,2130,1216.0
AUCKLAND_II,NZ,-36.84,174.77,2140,1339.0
AUCKLAND_II,NZ,-36.84,174.77,2150,1456.0
WELLINGTON_HARBOUR,NZ,-41.28,174.78,2020,63.0
WELLINGTON_HARBOUR,NZ,-41.28,174.78,2030,112.0
WELLINGTON_HARBOUR,NZ,-41.28,174.78,2040,173.0
WELLINGTON_HARBOUR,NZ,-41.28,174.78,2050,256.0
WELLINGTON_HARBOUR,NZ,-41.28,174.78,2060,339.0
WELLINGTON_HARBOUR,NZ,-41.28,174.78,2070,442.0
WELLINGTON_HARBOUR,NZ,-41.28,174.78,2080,556.0
WELLINGTON_HARBOUR,NZ,-41.28,174.78,2090,691.0
WELLINGTON_HARBOUR,NZ,-41.28,174.78,2100,836.0
WELLINGTON_HARBOUR,NZ,-41.28,174.78,2110,953.0
WELLINGTON_HARBOUR,NZ,-41.28,174.78,2120,1088.0
WELLINGTON_HARBOUR,NZ,-41.28,174.78,2130,1217.0
WELLINGTON_HARBOUR,NZ,-41.28,174.78,2140,1340.0
WELLINGTON_HARBOUR,NZ,-41.28,174.78,2150,1457.0
NORTH_SYDNEY,NZ,46.22,-60.25,2020,80.0
NORTH_SYDNEY,NZ,46.22,-60.25,2030,150.0
NORTH_SYDNEY,NZ,46.22,-60.25,2040,229.0
NORTH_SYDNEY,NZ,46.22,-60.25,2050,320.0
NORTH_SYDNEY,NZ,46.22,-60.25,2060,410.0
NORTH_SYDNEY,NZ,46.22,-60.25,2070,517.0
NORTH_SYDNEY,NZ,46.22,-60.25,2080,636.0
NORTH_SYDNEY,NZ,46.22,-60.25,2090,766.0
NORTH_SYDNEY,NZ,46.22,-60.25,2100,896.0
NORTH_SYDNEY,NZ,46.22,-60.25,2110,975.0
NORTH_SYDNEY,NZ,46.22,-60.25,2120,1098.0
NORTH_SYDNEY,NZ,46.22,-60.25,2130,1216.0
NORTH_SYDNEY,NZ,46.22,-60.25,2140,1331.0
NORTH_SYDNEY,NZ,46.22,-60.25,2150,1440.0
PORT_CHALMERS,NZ,-45.81,170.62,2020,62.0
PORT_CHALMERS,NZ,-45.81,170.62,2030,110.0
PORT_CHALMERS,NZ,-45.81,170.62,2040,170.0
PORT_CHALMERS,NZ,-45.81,170.62,2050,248.0
PORT_CHALMERS,NZ,-45.81,170.62,2060,331.0
PORT_CHALMERS,NZ,-45.81,170.62,2070,433.0
PORT_CHALMERS,NZ,-45.81,170.62,2080,544.0
PORT_CHALMERS,NZ,-45.81,170.62,2090,675.0
PORT_CHALMERS,NZ,-45.81,170.62,2100,813.0
PORT_CHALMERS,NZ,-45.81,170.62,2110,928.0
PORT_CHALMERS,NZ,-45.81,170.62,2120,1060.0
PORT_CHALMERS,NZ,-45.81,170.62,2130,1188.0
PORT_CHALMERS,NZ,-45.81,170.62,2140,1308.0
PORT_CHALMERS,NZ,-45.81,170.62,2150,1423.0
BRISBANE,AU,-27.37,153.17,2020,54.0
BRISBANE,AU,-27.37,153.17,2030,106.0
BRISBANE,AU,-27.37,153.17,2040,168.0
BRISBANE,AU,-27.37,153.17,2050,246.0
BRISBANE,AU,-27.37,153.17,2060,327.0
BRISBANE,AU,-27.37,153.17,2070,430.0
BRISBANE,AU,-27.37,153.17,2080,545.0
BRISBANE,AU,-27.37,153.17,2090,679.0
BRISBANE,AU,-27.37,153.17,2100,816.0
BRISBANE,AU,-27.37,153.17,2110,921.0
BRISBANE,AU,-27.37,153.17,2120,1053.0
BRISBANE,AU,-27.37,153.17,2130,1179.0
BRISBANE,AU,-27.37,153.17,2140,1297.0
BRISBANE,AU,-27.37,153.17,2150,1410.0
GLADSTONE,AU,-23.85,151.31,2020,55.0
GLADSTONE,AU,-23.85,151.31,2030,108.0
GLADSTONE,AU,-23.85,151.31,2040,170.0
GLADSTONE,AU,-23.85,151.31,2050,248.0
GLADSTONE,AU,-23.85,151.31,2060,329.0
GLADSTONE,AU,-23.85,151.31,2070,432.0
GLADSTONE,AU,-23.85,151.31,2080,547.0
GLADSTONE,AU,-23.85,151.31,2090,681.0
GLADSTONE,AU,-23.85,151.31,2100,820.0
GLADSTONE,AU,-23.85,151.31,2110,927.0
GLADSTONE,AU,-23.85,151.31,2120,1059.0
GLADSTONE,AU,-23.85,151.31,2130,1186.0
GLADSTONE,AU,-23.85,151.31,2140,1304.0
GLADSTONE,AU,-23.85,151.31,2150,1418.0
PORT_ADELAIDE,AU,-34.78,138.48,2020,46.0
PORT_ADELAIDE,AU,-34.78,138.48,2030,92.0
PORT_ADELAIDE,AU,-34.78,138.48,2040,146.0
PORT_ADELAIDE,AU,-34.78,138.48,2050,216.0
PORT_ADELAIDE,AU,-34.78,138.48,2060,286.0
PORT_ADELAIDE,AU,-34.78,138.48,2070,372.0
PORT_ADELAIDE,AU,-34.78,138.48,2080,468.0
PORT_ADELAIDE,AU,-34.78,138.48,2090,579.0
PORT_ADELAIDE,AU,-34.78,138.48,2100,702.0
PORT_ADELAIDE,AU,-34.78,138.48,2110,796.0
PORT_ADELAIDE,AU,-34.78,138.48,2120,915.0
PORT_ADELAIDE,AU,-34.78,138.48,2130,1029.0
PORT_ADELAIDE,AU,-34.78,138.48,2140,1134.0
PORT_ADELAIDE,AU,-34.78,138.48,2150,1235.0
OSAKA,JP,34.66,135.43,2020,57.0
OSAKA,JP,34.66,135.43,2030,117.0
OSAKA,JP,34.66,135.43,2040,185.0
OSAKA,JP,34.66,135.43,2050,268.0
OSAKA,JP,34.66,135.43,2060,354.0
OSAKA,JP,34.66,135.43,2070,461.0
OSAKA,JP,34.66,135.43,2080,580.0
OSAKA,JP,34.66,135.43,2090,720.0
OSAKA,JP,34.66,135.43,2100,874.0
OSAKA,JP,34.66,135.43,2110,982.0
OSAKA,JP,34.66,135.43,2120,1120.0
OSAKA,JP,34.66,135.43,2130,1252.0
OSAKA,JP,34.66,135.43,2140,1379.0
OSAKA,JP,34.66,135.43,2150,1502.0
HIROSIMA,JP,34.35,132.46,2020,58.0
HIROSIMA,JP,34.35,132.46,2030,114.0
HIROSIMA,JP,34.35,132.46,2040,179.0
HIROSIMA,JP,34.35,132.46,2050,264.0
HIROSIMA,JP,34.35,132.46,2060,350.0
HIROSIMA,JP,34.35,132.46,2070,456.0
HIROSIMA,JP,34.35,132.46,2080,576.0
HIROSIMA,JP,34.35,132.46,2090,718.0
HIROSIMA,JP,34.35,132.46,2100,872.0
HIROSIMA,JP,34.35,132.46,2110,979.0
HIROSIMA,JP,34.35,132.46,2120,1117.0
HIROSIMA,JP,34.35,132.46,2130,1250.0
HIROSIMA,JP,34.35,132.46,2140,1377.0
HIROSIMA,JP,34.35,132.46,2150,1499.0
TOKYO_III,JP,35.65,139.77,2020,58.0
TOKYO_III,JP,35.65,139.77,2030,120.0
TOKYO_III,JP,35.65,139.77,2040,190.0
TOKYO_III,JP,35.65,139.77,2050,276.0
TOKYO_III,JP,35.65,139.77,2060,362.0
TOKYO_III,JP,35.65,139.77,2070,474.0
TOKYO_III,JP,35.65,139.77,2080,600.0
TOKYO_III,JP,35.65,139.77,2090,742.0
TOKYO_III,JP,35.65,139.77,2100,902.0
TOKYO_III,JP,35.65,139.77,2110,1012.0
TOKYO_III,JP,35.65,139.77,2120,1154.0
TOKYO_III,JP,35.65,139.77,2130,1290.0
TOKYO_III,JP,35.65,139.77,2140,1420.0
TOKYO_III,JP,35.65,139.77,2150,1546.0
OKINAWA,JP,26.18,127.82,2020,58.0
OKINAWA,JP,26.18,127.82,2030,117.0
OKINAWA,JP,26.18,127.82,2040,182.0
OKINAWA,JP,26.18,127.82,2050,269.0
OKINAWA,JP,26.18,127.82,2060,356.0
OKINAWA,JP,26.18,127.82,2070,463.0
OKINAWA,JP,26.18,127.82,2080,581.0
OKINAWA,JP,26.18,127.82,2090,720.0
OKINAWA,JP,26.18,127.82,2100,871.0
OKINAWA,JP,26.18,127.82,2110,980.0
OKINAWA,JP,26.18,127.82,2120,1119.0
OKINAWA,JP,26.18,127.82,2130,1252.0
OKINAWA,JP,26.18,127.82,2140,1380.0
OKINAWA,JP,26.18,127.82,2150,1502.0
NAGASAKI,JP,32.73,129.87,2020,56.0
NAGASAKI,JP,32.73,129.87,2030,114.0
NAGASAKI,JP,32.73,129.87,2040,181.0
NAGASAKI,JP,32.73,129.87,2050,266.0
NAGASAKI,JP,32.73,129.87,2060,352.0
NAGASAKI,JP,32.73,129.87,2070,458.0
NAGASAKI,JP,32.73,129.87,2080,578.0
NAGASAKI,JP,32.73,129.87,2090,721.0
NAGASAKI,JP,32.73,129.87,2100,878.0
NAGASAKI,JP,32.73,129.87,2110,986.0
NAGASAKI,JP,32.73,129.87,2120,1125.0
NAGASAKI,JP,32.73,129.87,2130,1259.0
NAGASAKI,JP,32.73,129.87,2140,1388.0
NAGASAKI,JP,32.73,129.87,2150,1510.0
HAKODATE_I,JP,41.78,140.72,2020,52.0
HAKODATE_I,JP,41.78,140.72,2030,103.0
HAKODATE_I,JP,41.78,140.72,2040,166.0
HAKODATE_I,JP,41.78,140.72,2050,244.0
HAKODATE_I,JP,41.78,140.72,2060,326.0
HAKODATE_I,JP,41.78,140.72,2070,430.0
HAKODATE_I,JP,41.78,140.72,2080,547.0
HAKODATE_I,JP,41.78,140.72,2090,686.0
HAKODATE_I,JP,41.78,140.72,2100,837.0
HAKODATE_I,JP,41.78,140.72,2110,938.0
HAKODATE_I,JP,41.78,140.72,2120,1072.0
HAKODATE_I,JP,41.78,140.72,2130,1200.0
HAKODATE_I,JP,41.78,140.72,2140,1322.0
HAKODATE_I,JP,41.78,140.72,2150,1441.0
NAGOYA,JP,35.08,136.88,2020,56.0
NAGOYA,JP,35.08,136.88,2030,119.0
NAGOYA,JP,35.08,136.88,2040,188.0
NAGOYA,JP,35.08,136.88,2050,268.0
NAGOYA,JP,35.08,136.88,2060,353.0
NAGOYA,JP,35.08,136.88,2070,463.0
NAGOYA,JP,35.08,136.88,2080,581.0
NAGOYA,JP,35.08,136.88,2090,720.0
NAGOYA,JP,35.08,136.88,2100,873.0
NAGOYA,JP,35.08,136.88,2110,980.0
NAGOYA,JP,35.08,136.88,2120,1118.0
NAGOYA,JP,35.08,136.88,2130,1250.0
NAGOYA,JP,35.08,136.88,2140,1377.0
NAGOYA,JP,35.08,136.88,2150,1498.0
NAHA,JP,26.21,127.67,2020,58.0
NAHA,JP,26.21,127.67,2030,118.0
NAHA,JP,26.21,127.67,2040,182.0
NAHA,JP,26.21,127.67,2050,270.0
NAHA,JP,26.21,127.67,2060,356.0
NAHA,JP,26.21,127.67,2070,462.0
NAHA,JP,26.21,127.67,2080,581.0
NAHA,JP,26.21,127.67,2090,720.0
NAHA,JP,26.21,127.67,2100,872.0
NAHA,JP,26.21,127.67,2110,980.0
NAHA,JP,26.21,127.67,2120,1120.0
NAHA,JP,26.21,127.67,2130,1254.0
NAHA,JP,26.21,127.67,2140,1380.0
NAHA,JP,26.21,127.67,2150,1504.0
KAOHSIUNG_II,TW,22.53,120.32,2020,52.0
KAOHSIUNG_II,TW,22.53,120.32,2030,106.0
KAOHSIUNG_II,TW,22.53,120.32,2040,169.0
KAOHSIUNG_II,TW,22.53,120.32,2050,248.0
KAOHSIUNG_II,TW,22.53,120.32,2060,328.0
KAOHSIUNG_II,TW,22.53,120.32,2070,430.0
KAOHSIUNG_II,TW,22.53,120.32,2080,546.0
KAOHSIUNG_II,TW,22.53,120.32,2090,680.0
KAOHSIUNG_II,TW,22.53,120.32,2100,830.0
KAOHSIUNG_II,TW,22.53,120.32,2110,936.0
KAOHSIUNG_II,TW,22.53,120.32,2120,1070.0
KAOHSIUNG_II,TW,22.53,120.32,2130,1200.0
KAOHSIUNG_II,TW,22.53,120.32,2140,1323.0
KAOHSIUNG_II,TW,22.53,120.32,2150,1442.0
KEELUNG_II,TW,25.13,121.73,2020,54.0
KEELUNG_II,TW,25.13,121.73,2030,110.0
KEELUNG_II,TW,25.13,121.73,2040,174.0
KEELUNG_II,TW,25.13,121.73,2050,256.0
KEELUNG_II,TW,25.13,121.73,2060,340.0
KEELUNG_II,TW,25.13,121.73,2070,444.0
KEELUNG_II,TW,25.13,121.73,2080,562.0
KEELUNG_II,TW,25.13,121.73,2090,700.0
KEELUNG_II,TW,25.13,121.73,2100,850.0
KEELUNG_II,TW,25.13,121.73,2110,958.0
KEELUNG_II,TW,25.13,121.73,2120,1094.0
KEELUNG_II,TW,25.13,121.73,2130,1226.0
KEELUNG_II,TW,25.13,121.73,2140,1351.0
KEELUNG_II,TW,25.13,121.73,2150,1472.0
MANILA,PH,14.58,120.97,2020,47.0
MANILA,PH,14.58,120.97,2030,100.0
MANILA,PH,14.58,120.97,2040,162.0
MANILA,PH,14.58,120.97,2050,237.0
MANILA,PH,14.58,120.97,2060,314.0
MANILA,PH,14.58,120.97,2070,411.0
MANILA,PH,14.58,120.97,2080,522.0
MANILA,PH,14.58,120.97,2090,646.0
MANILA,PH,14.58,120.97,2100,806.0
MANILA,PH,14.58,120.97,2110,909.0
MANILA,PH,14.58,120.97,2120,1041.0
MANILA,PH,14.58,120.97,2130,1168.0
MANILA,PH,14.58,120.97,2140,1288.0
MANILA,PH,14.58,120.97,2150,1402.0
JURONG,SG,1.3,103.72,2020,51.0
JURONG,SG,1.3,103.72,2030,103.0
JURONG,SG,1.3,103.72,2040,166.0
JURONG,SG,1.3,103.72,2050,242.0
JURONG,SG,1.3,103.72,2060,320.0
JURONG,SG,1.3,103.72,2070,420.0
JURONG,SG,1.3,103.72,2080,534.0
JURONG,SG,1.3,103.72,2090,664.0
JURONG,SG,1.3,103.72,2100,812.0
JURONG,SG,1.3,103.72,2110,914.0
JURONG,SG,1.3,103.72,2120,1046.0
JURONG,SG,1.3,103.72,2130,1174.0
JURONG,SG,1.3,103.72,2140,1294.0
JURONG,SG,1.3,103.72,2150,1408.0
TANJONG_PAGAR,SG,1.27,103.85,2020,51.0
TANJONG_PAGAR,SG,1.27,103.85,2030,103.0
TANJONG_PAGAR,SG,1.27,103.85,2040,167.0
TANJONG_PAGAR,SG,1.27,103.85,2050,243.0
TANJONG_PAGAR,SG,1.27,103.85,2060,320.0
TANJONG_PAGAR,SG,1.27,103.85,2070,420.0
TANJONG_PAGAR,SG,1.27,103.85,2080,534.0
TANJONG_PAGAR,SG,1.27,103.85,2090,664.0
TANJONG_PAGAR,SG,1.27,103.85,2100,812.0
TANJONG_PAGAR,SG,1.27,103.85,2110,915.0
TANJONG_PAGAR,SG,1.27,103.85,2120,1046.0
TANJONG_PAGAR,SG,1.27,103.85,2130,1174.0
TANJONG_PAGAR,SG,1.27,103.85,2140,1296.0
TANJONG_PAGAR,SG,1.27,103.85,2150,1409.0
NEW_YORK,US,40.7,-74.01,2020,80.0
NEW_YORK,US,40.7,-74.01,2030,147.0
NEW_YORK,US,40.7,-74.01,2040,227.0
NEW_YORK,US,40.7,-74.01,2050,317.0
NEW_YORK,US,40.7,-74.01,2060,408.0
NEW_YORK,US,40.7,-74.01,2070,514.0
NEW_YORK,US,40.7,-74.01,2080,630.0
NEW_YORK,US,40.7,-74.01,2090,762.0
NEW_YORK,US,40.7,-74.01,2100,892.0
NEW_YORK,US,40.7,-74.01,2110,982.0
NEW_YORK,US,40.7,-74.01,2120,1109.0
NEW_YORK,US,40.7,-74.01,2130,1233.0
NEW_YORK,US,40.7,-74.01,2140,1350.0
NEW_YORK,US,40.7,-74.01,2150,1464.0
LOS_ANGELES,US,33.72,-118.27,2020,49.0
LOS_ANGELES,US,33.72,-118.27,2030,91.0
LOS_ANGELES,US,33.72,-118.27,2040,144.0
LOS_ANGELES,US,33.72,-118.27,2050,212.0
LOS_ANGELES,US,33.72,-118.27,2060,278.0
LOS_ANGELES,US,33.72,-118.27,2070,364.0
LOS_ANGELES,US,33.72,-118.27,2080,460.0
LOS_ANGELES,US,33.72,-118.27,2090,575.0
LOS_ANGELES,US,33.72,-118.27,2100,698.0
LOS_ANGELES,US,33.72,-118.27,2110,777.0
LOS_ANGELES,US,33.72,-118.27,2120,888.0
LOS_ANGELES,US,33.72,-118.27,2130,998.0
LOS_ANGELES,US,33.72,-118.27,2140,1102.0
LOS_ANGELES,US,33.72,-118.27,2150,1202.0
SAN_FRANCISCO,US,37.81,-122.47,2020,50.0
SAN_FRANCISCO,US,37.81,-122.47,2030,89.0
SAN_FRANCISCO,US,37.81,-122.47,2040,142.0
SAN_FRANCISCO,US,37.81,-122.47,2050,210.0
SAN_FRANCISCO,US,37.81,-122.47,2060,277.0
SAN_FRANCISCO,US,37.81,-122.47,2070,362.0
SAN_FRANCISCO,US,37.81,-122.47,2080,460.0
SAN_FRANCISCO,US,37.81,-122.47,2090,576.0
SAN_FRANCISCO,US,37.81,-122.47,2100,696.0
SAN_FRANCISCO,US,37.81,-122.47,2110,774.0
SAN_FRANCISCO,US,37.81,-122.47,2120,885.0
SAN_FRANCISCO,US,37.81,-122.47,2130,992.0
SAN_FRANCISCO,US,37.81,-122.47,2140,1097.0
SAN_FRANCISCO,US,37.81,-122.47,2150,1196.0
SEATTLE,US,47.6,-122.34,2020,43.0
SEATTLE,US,47.6,-122.34,2030,76.0
SEATTLE,US,47.6,-122.34,2040,121.0
SEATTLE,US,47.6,-122.34,2050,183.0
SEATTLE,US,47.6,-122.34,2060,246.0
SEATTLE,US,47.6,-122.34,2070,324.0
SEATTLE,US,47.6,-122.34,2080,418.0
SEATTLE,US,47.6,-122.34,2090,528.0
SEATTLE,US,47.6,-122.34,2100,638.0
SEATTLE,US,47.6,-122.34,2110,705.0
SEATTLE,US,47.6,-122.34,2120,808.0
SEATTLE,US,47.6,-122.34,2130,907.0
SEATTLE,US,47.6,-122.34,2140,1003.0
SEATTLE,US,47.6,-122.34,2150,1096.0
BALTIMORE,US,39.27,-76.58,2020,79.0
BALTIMORE,US,39.27,-76.58,2030,150.0
BALTIMORE,US,39.27,-76.58,2040,229.0
BALTIMORE,US,39.27,-76.58,2050,317.0
BALTIMORE,US,39.27,-76.58,2060,406.0
BALTIMORE,US,39.27,-76.58,2070,512.0
BALTIMORE,US,39.27,-76.58,2080,623.0
BALTIMORE,US,39.27,-76.58,2090,749.0
BALTIMORE,US,39.27,-76.58,2100,879.0
BALTIMORE,US,39.27,-76.58,2110,970.0
BALTIMORE,US,39.27,-76.58,2120,1097.0
BALTIMORE,US,39.27,-76.58,2130,1220.0
BALTIMORE,US,39.27,-76.58,2140,1337.0
BALTIMORE,US,39.27,-76.58,2150,1448.0
HONOLULU,US,21.31,-157.87,2020,64.0
HONOLULU,US,21.31,-157.87,2030,119.0
HONOLULU,US,21.31,-157.87,2040,178.0
HONOLULU,US,21.31,-157.87,2050,266.0
HONOLULU,US,21.31,-157.87,2060,358.0
HONOLULU,US,21.31,-157.87,2070,470.0
HONOLULU,US,21.31,-157.87,2080,592.0
HONOLULU,US,21.31,-157.87,2090,736.0
HONOLULU,US,21.31,-157.87,2100,896.0
HONOLULU,US,21.31,-157.87,2110,1008.0
HONOLULU,US,21.31,-157.87,2120,1150.0
HONOLULU,US,21.31,-157.87,2130,1285.0
HONOLULU,US,21.31,-157.87,2140,1415.0
HONOLULU,US,21.31,-157.87,2150,1538.0
SAN_JOSE,US,12.33,121.08,2020,48.0
SAN_JOSE,US,12.33,121.08,2030,101.0
SAN_JOSE,US,12.33,121.08,2040,164.0
SAN_JOSE,US,12.33,121.08,2050,240.0
SAN_JOSE,US,12.33,121.08,2060,317.0
SAN_JOSE,US,12.33,121.08,2070,415.0
SAN_JOSE,US,12.33,121.08,2080,526.0
SAN_JOSE,US,12.33,121.08,2090,654.0
SAN_JOSE,US,12.33,121.08,2100,812.0
SAN_JOSE,US,12.33,121.08,2110,916.0
SAN_JOSE,US,12.33,121.08,2120,1049.0
SAN_JOSE,US,12.33,121.08,2130,1176.0
SAN_JOSE,US,12.33,121.08,2140,1296.0
SAN_JOSE,US,12.33,121.08,2150,1412.0
SAN_DIEGO,US,32.71,-117.17,2020,49.0
SAN_DIEGO,US,32.71,-117.17,2030,92.0
SAN_DIEGO,US,32.71,-117.17,2040,145.0
SAN_DIEGO,US,32.71,-117.17,2050,212.0
SAN_DIEGO,US,32.71,-117.17,2060,278.0
SAN_DIEGO,US,32.71,-117.17,2070,364.0
SAN_DIEGO,US,32.71,-117.17,2080,460.0
SAN_DIEGO,US,32.71,-117.17,2090,576.0
SAN_DIEGO,US,32.71,-117.17,2100,698.0
SAN_DIEGO,US,32.71,-117.17,2110,778.0
SAN_DIEGO,US,32.71,-117.17,2120,890.0
SAN_DIEGO,US,32.71,-117.17,2130,1000.0
SAN_DIEGO,US,32.71,-117.17,2140,1104.0
SAN_DIEGO,US,32.71,-117.17,2150,1204.0
MIAMI_BEACH,US,25.77,-80.13,2020,64.0
MIAMI_BEACH,US,25.77,-80.13,2030,118.0
MIAMI_BEACH,US,25.77,-80.13,2040,184.0
MIAMI_BEACH,US,25.77,-80.13,2050,266.0
MIAMI_BEACH,US,25.77,-80.13,2060,346.0
MIAMI_BEACH,US,25.77,-80.13,2070,444.0
MIAMI_BEACH,US,25.77,-80.13,2080,553.0
MIAMI_BEACH,US,25.77,-80.13,2090,678.0
MIAMI_BEACH,US,25.77,-80.13,2100,817.0
MIAMI_BEACH,US,25.77,-80.13,2110,910.0
MIAMI_BEACH,US,25.77,-80.13,2120,1037.0
MIAMI_BEACH,US,25.77,-80.13,2130,1160.0
MIAMI_BEACH,US,25.77,-80.13,2140,1274.0
MIAMI_BEACH,US,25.77,-80.13,2150,1384.0
QUEBEC,CA,46.83,-71.17,2020,23.0
QUEBEC,CA,46.83,-71.17,2030,38.0
QUEBEC,CA,46.83,-71.17,2040,54.0
QUEBEC,CA,46.83,-71.17,2050,69.0
QUEBEC,CA,46.83,-71.17,2060,84.0
QUEBEC,CA,46.83,-71.17,2070,99.0
QUEBEC,CA,46.83,-71.17,2080,115.0
QUEBEC,CA,46.83,-71.17,2090,130.0
QUEBEC,CA,46.83,-71.17,2100,145.0
QUEBEC,CA,46.83,-71.17,2110,161.0
QUEBEC,CA,46.83,-71.17,2120,176.0
QUEBEC,CA,46.83,-71.17,2130,191.0
QUEBEC,CA,46.83,-71.17,2140,207.0
QUEBEC,CA,46.83,-71.17,2150,222.0
HALIFAX,CA,44.67,-63.58,2020,79.0
HALIFAX,CA,44.67,-63.58,2030,146.0
HALIFAX,CA,44.67,-63.58,2040,225.0
HALIFAX,CA,44.67,-63.58,2050,315.0
HALIFAX,CA,44.67,-63.58,2060,406.0
HALIFAX,CA,44.67,-63.58,2070,512.0
HALIFAX,CA,44.67,-63.58,2080,630.0
HALIFAX,CA,44.67,-63.58,2090,762.0
HALIFAX,CA,44.67,-63.58,2100,894.0
HALIFAX,CA,44.67,-63.58,2110,977.0
HALIFAX,CA,44.67,-63.58,2120,1100.0
HALIFAX,CA,44.67,-63.58,2130,1220.0
HALIFAX,CA,44.67,-63.58,2140,1336.0
HALIFAX,CA,44.67,-63.58,2150,1447.0
VANCOUVER,CA,49.28,-123.12,2020,34.0
VANCOUVER,CA,49.28,-123.12,2030,58.0
VANCOUVER,CA,49.28,-123.12,2040,96.0
VANCOUVER,CA,49.28,-123.12,2050,148.0
VANCOUVER,CA,49.28,-123.12,2060,208.0
VANCOUVER,CA,49.28,-123.12,2070,278.0
VANCOUVER,CA,49.28,-123.12,2080,368.0
VANCOUVER,CA,49.28,-123.12,2090,472.0
VANCOUVER,CA,49.28,-123.12,2100,580.0
VANCOUVER,CA,49.28,-123.12,2110,640.0
VANCOUVER,CA,49.28,-123.12,2120,737.0
VANCOUVER,CA,49.28,-123.12,2130,832.0
VANCOUVER,CA,49.28,-123.12,2140,924.0
VANCOUVER,CA,49.28,-123.12,2150,1014.0
ACAPULCO,MX,16.83,-99.92,2020,53.0
ACAPULCO,MX,16.83,-99.92,2030,100.0
ACAPULCO,MX,16.83,-99.92,2040,159.0
ACAPULCO,MX,16.83,-99.92,2050,236.0
ACAPULCO,MX,16.83,-99.92,2060,311.0
ACAPULCO,MX,16.83,-99.92,2070,407.0
ACAPULCO,MX,16.83,-99.92,2080,512.0
ACAPULCO,MX,16.83,-99.92,2090,637.0
ACAPULCO,MX,16.83,-99.92,2100,766.0
ACAPULCO,MX,16.83,-99.92,2110,859.0
ACAPULCO,MX,16.83,-99.92,2120,984.0
ACAPULCO,MX,16.83,-99.92,2130,1103.0
ACAPULCO,MX,16.83,-99.92,2140,1216.0
ACAPULCO,MX,16.83,-99.92,2150,1324.0
CABO_SAN_LUCAS,MX,22.88,-109.9,2020,54.0
CABO_SAN_LUCAS,MX,22.88,-109.9,2030,98.0
CABO_SAN_LUCAS,MX,22.88,-109.9,2040,156.0
CABO_SAN_LUCAS,MX,22.88,-109.9,2050,231.0
CABO_SAN_LUCAS,MX,22.88,-109.9,2060,306.0
CABO_SAN_LUCAS,MX,22.88,-109.9,2070,400.0
CABO_SAN_LUCAS,MX,22.88,-109.9,2080,504.0
CABO_SAN_LUCAS,MX,22.88,-109.9,2090,628.0
CABO_SAN_LUCAS,MX,22.88,-109.9,2100,757.0
CABO_SAN_LUCAS,MX,22.88,-109.9,2110,848.0
CABO_SAN_LUCAS,MX,22.88,-109.9,2120,971.0
CABO_SAN_LUCAS,MX,22.88,-109.9,2130,1090.0
CABO_SAN_LUCAS,MX,22.88,-109.9,2140,1202.0
CABO_SAN_LUCAS,MX,22.88,-109.9,2150,1308.0
CIUDAD_MADERO,MX,22.25,-97.8,2020,63.0
CIUDAD_MADERO,MX,22.25,-97.8,2030,120.0
CIUDAD_MADERO,MX,22.25,-97.8,2040,190.0
CIUDAD_MADERO,MX,22.25,-97.8,2050,272.0
CIUDAD_MADERO,MX,22.25,-97.8,2060,348.0
CIUDAD_MADERO,MX,22.25,-97.8,2070,448.0
CIUDAD_MADERO,MX,22.25,-97.8,2080,559.0
CIUDAD_MADERO,MX,22.25,-97.8,2090,682.0
CIUDAD_MADERO,MX,22.25,-97.8,2100,818.0
CIUDAD_MADERO,MX,22.25,-97.8,2110,914.0
CIUDAD_MADERO,MX,22.25,-97.8,2120,1042.0
CIUDAD_MADERO,MX,22.25,-97.8,2130,1166.0
CIUDAD_MADERO,MX,22.25,-97.8,2140,1283.0
CIUDAD_MADERO,MX,22.25,-97.8,2150,1394.0
ENSENADA,MX,31.85,-116.63,2020,50.0
ENSENADA,MX,31.85,-116.63,2030,93.0
ENSENADA,MX,31.85,-116.63,2040,148.0
ENSENADA,MX,31.85,-116.63,2050,216.0
ENSENADA,MX,31.85,-116.63,2060,284.0
ENSENADA,MX,31.85,-116.63,2070,370.0
ENSENADA,MX,31.85,-116.63,2080,469.0
ENSENADA,MX,31.85,-116.63,2090,586.0
ENSENADA,MX,31.85,-116.63,2100,710.0
ENSENADA,MX,31.85,-116.63,2110,792.0
ENSENADA,MX,31.85,-116.63,2120,906.0
ENSENADA,MX,31.85,-116.63,2130,1016.0
ENSENADA,MX,31.85,-116.63,2140,1123.0
ENSENADA,MX,31.85,-116.63,2150,1224.0
CAPE_TOWN,ZA,-33.91,18.43,2020,60.0
CAPE_TOWN,ZA,-33.91,18.43,2030,114.0
CAPE_TOWN,ZA,-33.91,18.43,2040,180.0
CAPE_TOWN,ZA,-33.91,18.43,2050,263.0
CAPE_TOWN,ZA,-33.91,18.43,2060,349.0
CAPE_TOWN,ZA,-33.91,18.43,2070,454.0
CAPE_TOWN,ZA,-33.91,18.43,2080,568.0
CAPE_TOWN,ZA,-33.91,18.43,2090,700.0
CAPE_TOWN,ZA,-33.91,18.43,2100,840.0
CAPE_TOWN,ZA,-33.91,18.43,2110,955.0
CAPE_TOWN,ZA,-33.91,18.43,2120,1091.0
CAPE_TOWN,ZA,-33.91,18.43,2130,1223.0
CAPE_TOWN,ZA,-33.91,18.43,2140,1346.0
CAPE_TOWN,ZA,-33.91,18.43,2150,1465.0
DURBAN,ZA,-29.87,31.05,2020,58.0
DURBAN,ZA,-29.87,31.05,2030,110.0
DURBAN,ZA,-29.87,31.05,2040,173.0
DURBAN,ZA,-29.87,31.05,2050,255.0
DURBAN,ZA,-29.87,31.05,2060,338.0
DURBAN,ZA,-29.87,31.05,2070,439.0
DURBAN,ZA,-29.87,31.05,2080,552.0
DURBAN,ZA,-29.87,31.05,2090,686.0
DURBAN,ZA,-29.87,31.05,2100,826.0
DURBAN,ZA,-29.87,31.05,2110,936.0
DURBAN,ZA,-29.87,31.05,2120,1070.0
DURBAN,ZA,-29.87,31.05,2130,1198.0
DURBAN,ZA,-29.87,31.05,2140,1321.0
DURBAN,ZA,-29.87,31.05,2150,1437.0
MOSSEL_BAY,ZA,-34.18,22.14,2020,62.0
MOSSEL_BAY,ZA,-34.18,22.14,2030,116.0
MOSSEL_BAY,ZA,-34.18,22.14,2040,181.0
MOSSEL_BAY,ZA,-34.18,22.14,2050,266.0
MOSSEL_BAY,ZA,-34.18,22.14,2060,352.0
MOSSEL_BAY,ZA,-34.18,22.14,2070,456.0
MOSSEL_BAY,ZA,-34.18,22.14,2080,572.0
MOSSEL_BAY,ZA,-34.18,22.14,2090,706.0
MOSSEL_BAY,ZA,-34.18,22.14,2100,848.0
MOSSEL_BAY,ZA,-34.18,22.14,2110,964.0
MOSSEL_BAY,ZA,-34.18,22.14,2120,1101.0
MOSSEL_BAY,ZA,-34.18,22.14,2130,1232.0
MOSSEL_BAY,ZA,-34.18,22.14,2140,1358.0
MOSSEL_BAY,ZA,-34.18,22.14,2150,1476.0
